UserEmail,ProjectID
pm.byrne@demo.ie,PRJ00004
pm.byrne@demo.ie,PRJ00031
pm.byrne@demo.ie,PRJ00038
pm.byrne@demo.ie,PRJ00049
pm.byrne@demo.ie,PRJ00072
pm.byrne@demo.ie,PRJ00084
pm.byrne@demo.ie,PRJ00095
pm.byrne@demo.ie,PRJ00098
pm.byrne@demo.ie,PRJ00102
pm.byrne@demo.ie,PRJ00104
pm.byrne@demo.ie,PRJ00116
pm.byrne@demo.ie,PRJ00132
pm.byrne@demo.ie,PRJ00135
pm.byrne@demo.ie,PRJ00143
pm.byrne@demo.ie,PRJ00145
pm.byrne@demo.ie,PRJ00146
pm.byrne@demo.ie,PRJ00148
pm.byrne@demo.ie,PRJ00155
pm.byrne@demo.ie,PRJ00159
pm.byrne@demo.ie,PRJ00161
pm.byrne@demo.ie,PRJ00167
pm.byrne@demo.ie,PRJ00173
pm.byrne@demo.ie,PRJ00191
pm.byrne@demo.ie,PRJ00196
pm.byrne@demo.ie,PRJ00222
pm.byrne@demo.ie,PRJ00231
pm.byrne@demo.ie,PRJ00235
pm.byrne@demo.ie,PRJ00241
pm.byrne@demo.ie,PRJ00244
pm.fitzgerald@demo.ie,PRJ00002
pm.fitzgerald@demo.ie,PRJ00016
pm.fitzgerald@demo.ie,PRJ00023
pm.fitzgerald@demo.ie,PRJ00035
pm.fitzgerald@demo.ie,PRJ00037
pm.fitzgerald@demo.ie,PRJ00044
pm.fitzgerald@demo.ie,PRJ00045
pm.fitzgerald@demo.ie,PRJ00060
pm.fitzgerald@demo.ie,PRJ00061
pm.fitzgerald@demo.ie,PRJ00063
pm.fitzgerald@demo.ie,PRJ00071
pm.fitzgerald@demo.ie,PRJ00080
pm.fitzgerald@demo.ie,PRJ00085
pm.fitzgerald@demo.ie,PRJ00087
pm.fitzgerald@demo.ie,PRJ00091
pm.fitzgerald@demo.ie,PRJ00092
pm.fitzgerald@demo.ie,PRJ00108
pm.fitzgerald@demo.ie,PRJ00118
pm.fitzgerald@demo.ie,PRJ00121
pm.fitzgerald@demo.ie,PRJ00131
pm.fitzgerald@demo.ie,PRJ00133
pm.fitzgerald@demo.ie,PRJ00137
pm.fitzgerald@demo.ie,PRJ00144
pm.fitzgerald@demo.ie,PRJ00153
pm.fitzgerald@demo.ie,PRJ00157
pm.fitzgerald@demo.ie,PRJ00170
pm.fitzgerald@demo.ie,PRJ00195
pm.fitzgerald@demo.ie,PRJ00205
pm.fitzgerald@demo.ie,PRJ00209
pm.fitzgerald@demo.ie,PRJ00210
pm.fitzgerald@demo.ie,PRJ00212
pm.fitzgerald@demo.ie,PRJ00217
pm.fitzgerald@demo.ie,PRJ00219
pm.fitzgerald@demo.ie,PRJ00237
pm.fitzgerald@demo.ie,PRJ00242
pm.hayes@demo.ie,PRJ00005
pm.hayes@demo.ie,PRJ00007
pm.hayes@demo.ie,PRJ00008
pm.hayes@demo.ie,PRJ00009
pm.hayes@demo.ie,PRJ00042
pm.hayes@demo.ie,PRJ00052
pm.hayes@demo.ie,PRJ00057
pm.hayes@demo.ie,PRJ00059
pm.hayes@demo.ie,PRJ00079
pm.hayes@demo.ie,PRJ00090
pm.hayes@demo.ie,PRJ00093
pm.hayes@demo.ie,PRJ00099
pm.hayes@demo.ie,PRJ00114
pm.hayes@demo.ie,PRJ00126
pm.hayes@demo.ie,PRJ00156
pm.hayes@demo.ie,PRJ00182
pm.hayes@demo.ie,PRJ00207
pm.hayes@demo.ie,PRJ00213
pm.hayes@demo.ie,PRJ00221
pm.hayes@demo.ie,PRJ00225
pm.hayes@demo.ie,PRJ00226
pm.hayes@demo.ie,PRJ00230
pm.keane@demo.ie,PRJ00025
pm.keane@demo.ie,PRJ00026
pm.keane@demo.ie,PRJ00074
pm.keane@demo.ie,PRJ00088
pm.keane@demo.ie,PRJ00089
pm.keane@demo.ie,PRJ00100
pm.keane@demo.ie,PRJ00130
pm.keane@demo.ie,PRJ00136
pm.keane@demo.ie,PRJ00139
pm.keane@demo.ie,PRJ00150
pm.keane@demo.ie,PRJ00154
pm.keane@demo.ie,PRJ00174
pm.keane@demo.ie,PRJ00180
pm.keane@demo.ie,PRJ00185
pm.keane@demo.ie,PRJ00187
pm.keane@demo.ie,PRJ00192
pm.keane@demo.ie,PRJ00193
pm.keane@demo.ie,PRJ00199
pm.keane@demo.ie,PRJ00239
pm.keane@demo.ie,PRJ00245
pm.kelly@demo.ie,PRJ00013
pm.kelly@demo.ie,PRJ00015
pm.kelly@demo.ie,PRJ00019
pm.kelly@demo.ie,PRJ00032
pm.kelly@demo.ie,PRJ00036
pm.kelly@demo.ie,PRJ00046
pm.kelly@demo.ie,PRJ00048
pm.kelly@demo.ie,PRJ00054
pm.kelly@demo.ie,PRJ00056
pm.kelly@demo.ie,PRJ00097
pm.kelly@demo.ie,PRJ00120
pm.kelly@demo.ie,PRJ00127
pm.kelly@demo.ie,PRJ00129
pm.kelly@demo.ie,PRJ00134
pm.kelly@demo.ie,PRJ00164
pm.kelly@demo.ie,PRJ00172
pm.kelly@demo.ie,PRJ00188
pm.kelly@demo.ie,PRJ00197
pm.kelly@demo.ie,PRJ00216
pm.kelly@demo.ie,PRJ00227
pm.kelly@demo.ie,PRJ00228
pm.kelly@demo.ie,PRJ00238
pm.kelly@demo.ie,PRJ00246
pm.murphy@demo.ie,PRJ00001
pm.murphy@demo.ie,PRJ00020
pm.murphy@demo.ie,PRJ00024
pm.murphy@demo.ie,PRJ00027
pm.murphy@demo.ie,PRJ00040
pm.murphy@demo.ie,PRJ00041
pm.murphy@demo.ie,PRJ00051
pm.murphy@demo.ie,PRJ00062
pm.murphy@demo.ie,PRJ00068
pm.murphy@demo.ie,PRJ00077
pm.murphy@demo.ie,PRJ00081
pm.murphy@demo.ie,PRJ00082
pm.murphy@demo.ie,PRJ00094
pm.murphy@demo.ie,PRJ00117
pm.murphy@demo.ie,PRJ00128
pm.murphy@demo.ie,PRJ00152
pm.murphy@demo.ie,PRJ00160
pm.murphy@demo.ie,PRJ00177
pm.murphy@demo.ie,PRJ00178
pm.murphy@demo.ie,PRJ00190
pm.murphy@demo.ie,PRJ00194
pm.murphy@demo.ie,PRJ00203
pm.murphy@demo.ie,PRJ00214
pm.murphy@demo.ie,PRJ00218
pm.murphy@demo.ie,PRJ00234
pm.murphy@demo.ie,PRJ00247
pm.murphy@demo.ie,PRJ00249
pm.nolan@demo.ie,PRJ00003
pm.nolan@demo.ie,PRJ00011
pm.nolan@demo.ie,PRJ00053
pm.nolan@demo.ie,PRJ00105
pm.nolan@demo.ie,PRJ00107
pm.nolan@demo.ie,PRJ00109
pm.nolan@demo.ie,PRJ00110
pm.nolan@demo.ie,PRJ00115
pm.nolan@demo.ie,PRJ00119
pm.nolan@demo.ie,PRJ00122
pm.nolan@demo.ie,PRJ00123
pm.nolan@demo.ie,PRJ00158
pm.nolan@demo.ie,PRJ00166
pm.nolan@demo.ie,PRJ00183
pm.nolan@demo.ie,PRJ00186
pm.nolan@demo.ie,PRJ00198
pm.nolan@demo.ie,PRJ00202
pm.nolan@demo.ie,PRJ00215
pm.o.rourke@demo.ie,PRJ00012
pm.o.rourke@demo.ie,PRJ00017
pm.o.rourke@demo.ie,PRJ00021
pm.o.rourke@demo.ie,PRJ00022
pm.o.rourke@demo.ie,PRJ00028
pm.o.rourke@demo.ie,PRJ00033
pm.o.rourke@demo.ie,PRJ00043
pm.o.rourke@demo.ie,PRJ00058
pm.o.rourke@demo.ie,PRJ00066
pm.o.rourke@demo.ie,PRJ00096
pm.o.rourke@demo.ie,PRJ00101
pm.o.rourke@demo.ie,PRJ00103
pm.o.rourke@demo.ie,PRJ00112
pm.o.rourke@demo.ie,PRJ00124
pm.o.rourke@demo.ie,PRJ00125
pm.o.rourke@demo.ie,PRJ00138
pm.o.rourke@demo.ie,PRJ00151
pm.o.rourke@demo.ie,PRJ00162
pm.o.rourke@demo.ie,PRJ00176
pm.o.rourke@demo.ie,PRJ00179
pm.o.rourke@demo.ie,PRJ00200
pm.o.rourke@demo.ie,PRJ00229
pm.o.rourke@demo.ie,PRJ00236
pm.ryan@demo.ie,PRJ00006
pm.ryan@demo.ie,PRJ00010
pm.ryan@demo.ie,PRJ00014
pm.ryan@demo.ie,PRJ00029
pm.ryan@demo.ie,PRJ00030
pm.ryan@demo.ie,PRJ00050
pm.ryan@demo.ie,PRJ00055
pm.ryan@demo.ie,PRJ00065
pm.ryan@demo.ie,PRJ00073
pm.ryan@demo.ie,PRJ00075
pm.ryan@demo.ie,PRJ00076
pm.ryan@demo.ie,PRJ00078
pm.ryan@demo.ie,PRJ00083
pm.ryan@demo.ie,PRJ00140
pm.ryan@demo.ie,PRJ00169
pm.ryan@demo.ie,PRJ00175
pm.ryan@demo.ie,PRJ00189
pm.ryan@demo.ie,PRJ00204
pm.ryan@demo.ie,PRJ00206
pm.ryan@demo.ie,PRJ00208
pm.ryan@demo.ie,PRJ00211
pm.ryan@demo.ie,PRJ00220
pm.ryan@demo.ie,PRJ00223
pm.ryan@demo.ie,PRJ00224
pm.ryan@demo.ie,PRJ00232
pm.ryan@demo.ie,PRJ00233
pm.ryan@demo.ie,PRJ00240
pm.ryan@demo.ie,PRJ00248
pm.walsh@demo.ie,PRJ00018
pm.walsh@demo.ie,PRJ00034
pm.walsh@demo.ie,PRJ00039
pm.walsh@demo.ie,PRJ00047
pm.walsh@demo.ie,PRJ00064
pm.walsh@demo.ie,PRJ00067
pm.walsh@demo.ie,PRJ00069
pm.walsh@demo.ie,PRJ00070
pm.walsh@demo.ie,PRJ00086
pm.walsh@demo.ie,PRJ00106
pm.walsh@demo.ie,PRJ00111
pm.walsh@demo.ie,PRJ00113
pm.walsh@demo.ie,PRJ00141
pm.walsh@demo.ie,PRJ00142
pm.walsh@demo.ie,PRJ00147
pm.walsh@demo.ie,PRJ00149
pm.walsh@demo.ie,PRJ00163
pm.walsh@demo.ie,PRJ00165
pm.walsh@demo.ie,PRJ00168
pm.walsh@demo.ie,PRJ00171
pm.walsh@demo.ie,PRJ00181
pm.walsh@demo.ie,PRJ00184
pm.walsh@demo.ie,PRJ00201
pm.walsh@demo.ie,PRJ00243
pm.walsh@demo.ie,PRJ00250
